Norm;Key Words;R_Norm_KW;R_KW_Norm
DIN EN 17473;catalogues;discusses;is_discussed_in
DIN EN 17473;classes;discusses;is_discussed_in
DIN EN 17473;construction;discusses;is_discussed_in
DIN EN 17473;constructional products;discusses;is_discussed_in
DIN EN 17473;data;discusses;is_discussed_in
DIN EN 17473;data structures;discusses;is_discussed_in
DIN EN 17473;decree;discusses;is_discussed_in
DIN EN 17473;definitions;discusses;is_discussed_in
DIN EN 17473;diagrams;discusses;is_discussed_in
DIN EN 17473;documents;discusses;is_discussed_in
DIN EN 17473;establishment;discusses;is_discussed_in
DIN EN 17473;evaluations;discusses;is_discussed_in
DIN EN 17473;harmonization;discusses;is_discussed_in
DIN EN 17473;harmonized;discusses;is_discussed_in
DIN EN 17473;process;discusses;is_discussed_in
DIN EN 17473;product data;discusses;is_discussed_in
DIN EN 17473;specifications;discusses;is_discussed_in
DIN EN 17473;standards;discusses;is_discussed_in
DIN EN 17473;structure;discusses;is_discussed_in
DIN EN 17473;systemology;discusses;is_discussed_in
DIN EN 17473;templates;discusses;is_discussed_in
DIN EN 17473;originals;discusses;is_discussed_in
DIN EN 17473;texture;discusses;is_discussed_in
DIN EN 17632;architecture (it);discusses;is_discussed_in
DIN EN 17632;bim;discusses;is_discussed_in
DIN EN 17632;building information modeling;discusses;is_discussed_in
DIN EN 17632;construction;discusses;is_discussed_in
DIN EN 17632;construction works;discusses;is_discussed_in
DIN EN 17632;data;discusses;is_discussed_in
DIN EN 17632;data exchange;discusses;is_discussed_in
DIN EN 17632;data formats;discusses;is_discussed_in
DIN EN 17632;data management;discusses;is_discussed_in
DIN EN 17632;data models;discusses;is_discussed_in
DIN EN 17632;data records;discusses;is_discussed_in
DIN EN 17632;definitions;discusses;is_discussed_in
DIN EN 17632;extensible markup language;discusses;is_discussed_in
DIN EN 17632;geographic information systems;discusses;is_discussed_in
DIN EN 17632;gis;discusses;is_discussed_in
DIN EN 17632;information exchange;discusses;is_discussed_in
DIN EN 17632;infrastructure;discusses;is_discussed_in
DIN EN 17632;integration;discusses;is_discussed_in
DIN EN 17632;languages;discusses;is_discussed_in
DIN EN 17632;links;discusses;is_discussed_in
DIN EN 17632;metadata;discusses;is_discussed_in
DIN EN 17632;modeling language;discusses;is_discussed_in
DIN EN 17632;modelling;discusses;is_discussed_in
DIN EN 17632;models;discusses;is_discussed_in
DIN EN 17632;networking;discusses;is_discussed_in
DIN EN 17632;semantics;discusses;is_discussed_in
DIN EN 17632;syntax;discusses;is_discussed_in
DIN EN 17632;logic operation;discusses;is_discussed_in
DIN EN 17632;xml;discusses;is_discussed_in
DIN EN 17632;patterns;discusses;is_discussed_in
DIN EN 17632;bim;discusses;is_discussed_in
DIN EN 17632;building information modeling;discusses;is_discussed_in
DIN EN 17632;buildings;discusses;is_discussed_in
DIN EN 17632;concepts;discusses;is_discussed_in
DIN EN 17632;construction;discusses;is_discussed_in
DIN EN 17632;construction operations;discusses;is_discussed_in
DIN EN 17632;construction works;discusses;is_discussed_in
DIN EN 17632;data exchange;discusses;is_discussed_in
DIN EN 17632;definitions;discusses;is_discussed_in
DIN EN 17632;delivery;discusses;is_discussed_in
DIN EN 17632;demand;discusses;is_discussed_in
DIN EN 17632;documentation;discusses;is_discussed_in
DIN EN 17632;information;discusses;is_discussed_in
DIN EN 17632;information interchange;discusses;is_discussed_in
DIN EN 17632;information management;discusses;is_discussed_in
DIN EN 17632;information models;discusses;is_discussed_in
DIN EN 17632;information representation;discusses;is_discussed_in
DIN EN 17632;information technology;discusses;is_discussed_in
DIN EN 17632;level;discusses;is_discussed_in
DIN EN 17632;life cycles;discusses;is_discussed_in
DIN EN 17632;performance;discusses;is_discussed_in
DIN EN 17632;principles;discusses;is_discussed_in
DIN EN 17632;supply schedule;discusses;is_discussed_in
DIN EN 17632;information exchange;discusses;is_discussed_in
ISO 2041 ;definitions;discusses;is_discussed_in
ISO 2041 ;impulses;discusses;is_discussed_in
ISO 2041 ;vibration;discusses;is_discussed_in
ISO 2041 ;vocabulary;discusses;is_discussed_in
ISO 2041 ;impact;discusses;is_discussed_in
ISO 2041 ;lay;discusses;is_discussed_in
ISO 2041 ;shock;discusses;is_discussed_in
ISO 2041 ;mechanic;discusses;is_discussed_in
DIN 77005-X (1) Lifecycle record of technical objects;activity;discusses;is_discussed_in
DIN 77005-X (1) Lifecycle record of technical objects;components;discusses;is_discussed_in
DIN 77005-X (1) Lifecycle record of technical objects;computer applications;discusses;is_discussed_in
DIN 77005-X (1) Lifecycle record of technical objects;concepts;discusses;is_discussed_in
DIN 77005-X (1) Lifecycle record of technical objects;coordination;discusses;is_discussed_in
DIN 77005-X (1) Lifecycle record of technical objects;data field;discusses;is_discussed_in
DIN 77005-X (1) Lifecycle record of technical objects;data processing;discusses;is_discussed_in
DIN 77005-X (1) Lifecycle record of technical objects;definitions;discusses;is_discussed_in
DIN 77005-X (1) Lifecycle record of technical objects;developments;discusses;is_discussed_in
DIN 77005-X (1) Lifecycle record of technical objects;document management;discusses;is_discussed_in
DIN 77005-X (1) Lifecycle record of technical objects;documentation;discusses;is_discussed_in
DIN 77005-X (1) Lifecycle record of technical objects;documentation systematics;discusses;is_discussed_in
DIN 77005-X (1) Lifecycle record of technical objects;documents;discusses;is_discussed_in
DIN 77005-X (1) Lifecycle record of technical objects;information;discusses;is_discussed_in
DIN 77005-X (1) Lifecycle record of technical objects;information handling;discusses;is_discussed_in
DIN 77005-X (1) Lifecycle record of technical objects;information models;discusses;is_discussed_in
DIN 77005-X (1) Lifecycle record of technical objects;information transfer;discusses;is_discussed_in
DIN 77005-X (1) Lifecycle record of technical objects;life cycles;discusses;is_discussed_in
DIN 77005-X (1) Lifecycle record of technical objects;metadata;discusses;is_discussed_in
DIN 77005-X (1) Lifecycle record of technical objects;models;discusses;is_discussed_in
DIN 77005-X (1) Lifecycle record of technical objects;organization;discusses;is_discussed_in
DIN 77005-X (1) Lifecycle record of technical objects;planning;discusses;is_discussed_in
DIN 77005-X (1) Lifecycle record of technical objects;project management;discusses;is_discussed_in
DIN 77005-X (1) Lifecycle record of technical objects;records (documents);discusses;is_discussed_in
DIN 77005-X (1) Lifecycle record of technical objects;representations;discusses;is_discussed_in
DIN 77005-X (1) Lifecycle record of technical objects;specification (approval);discusses;is_discussed_in
DIN 77005-X (1) Lifecycle record of technical objects;specifications;discusses;is_discussed_in
DIN 77005-X (1) Lifecycle record of technical objects;structure;discusses;is_discussed_in
DIN 77005-X (1) Lifecycle record of technical objects;structuring;discusses;is_discussed_in
DIN 77005-X (1) Lifecycle record of technical objects;technical installations;discusses;is_discussed_in
DIN 77005-X (1) Lifecycle record of technical objects;technical products;discusses;is_discussed_in
DIN 77005-X (1) Lifecycle record of technical objects;vocabulary;discusses;is_discussed_in
DIN 77005-X (1) Lifecycle record of technical objects;ingredients;discusses;is_discussed_in
DIN 77005-X (1) Lifecycle record of technical objects;texture;discusses;is_discussed_in
DIN 77005-X (1) Lifecycle record of technical objects;patterns;discusses;is_discussed_in
ISO 17359;acoustics;discusses;is_discussed_in
ISO 17359;analysis;discusses;is_discussed_in
ISO 17359;condition monitoring;discusses;is_discussed_in
ISO 17359;condition tests;discusses;is_discussed_in
ISO 17359;definitions;discusses;is_discussed_in
ISO 17359;general conditions;discusses;is_discussed_in
ISO 17359;hazard analysis;discusses;is_discussed_in
ISO 17359;hazards;discusses;is_discussed_in
ISO 17359;impact;discusses;is_discussed_in
ISO 17359;machine performances;discusses;is_discussed_in
ISO 17359;machines;discusses;is_discussed_in
ISO 17359;measurement;discusses;is_discussed_in
ISO 17359;measuring techniques;discusses;is_discussed_in
ISO 17359;mechanical engineering;discusses;is_discussed_in
ISO 17359;monitoring;discusses;is_discussed_in
ISO 17359;personnel;discusses;is_discussed_in
ISO 17359;reliability;discusses;is_discussed_in
ISO 17359;safety of machinery;discusses;is_discussed_in
ISO 17359;shock;discusses;is_discussed_in
ISO 17359;surveillance (approval);discusses;is_discussed_in
ISO 17359;testing;discusses;is_discussed_in
ISO 17359;training;discusses;is_discussed_in
ISO 17359;vibration;discusses;is_discussed_in
ISO 17359;impulses;discusses;is_discussed_in
ISO 17359;engines;discusses;is_discussed_in
DIN CEN/TS 17385;classes;discusses;is_discussed_in
DIN CEN/TS 17385;classification;discusses;is_discussed_in
DIN CEN/TS 17385;commissioning;discusses;is_discussed_in
DIN CEN/TS 17385;condition;discusses;is_discussed_in
DIN CEN/TS 17385;construction works;discusses;is_discussed_in
DIN CEN/TS 17385;defects;discusses;is_discussed_in
DIN CEN/TS 17385;definitions;discusses;is_discussed_in
DIN CEN/TS 17385;degradation;discusses;is_discussed_in
DIN CEN/TS 17385;evaluations;discusses;is_discussed_in
DIN CEN/TS 17385;maintenance;discusses;is_discussed_in
DIN CEN/TS 17385;management;discusses;is_discussed_in
DIN CEN/TS 17385;observation;discusses;is_discussed_in
DIN CEN/TS 17385;planning;discusses;is_discussed_in
DIN CEN/TS 17385;plans;discusses;is_discussed_in
DIN CEN/TS 17385;scales;discusses;is_discussed_in
DIN CEN/TS 17385;status;discusses;is_discussed_in
DIN CEN/TS 17385;structural works;discusses;is_discussed_in
DIN CEN/TS 17385;structure;discusses;is_discussed_in
DIN CEN/TS 17385;surveillance (approval);discusses;is_discussed_in
DIN CEN/TS 17385;technology;discusses;is_discussed_in
DIN CEN/TS 17385;flatwork ironers;discusses;is_discussed_in
DIN CEN/TS 17385;shortage;discusses;is_discussed_in
DIN CEN/TS 17385;texture;discusses;is_discussed_in
DIN ISO 13379-x (1);condition monitoring;discusses;is_discussed_in
DIN ISO 13379-x (1);data analysis;discusses;is_discussed_in
DIN ISO 13379-x (1);diagnosis;discusses;is_discussed_in
DIN ISO 13379-x (1);machine vibration;discusses;is_discussed_in
DIN ISO 13379-x (1);machines;discusses;is_discussed_in
DIN ISO 13379-x (1);measurement;discusses;is_discussed_in
DIN ISO 13379-x (1);measuring techniques;discusses;is_discussed_in
DIN ISO 13379-x (1);mechanical testing;discusses;is_discussed_in
DIN ISO 13379-x (1);safety of machinery;discusses;is_discussed_in
DIN ISO 13379-x (1);vibration;discusses;is_discussed_in
DIN ISO 13379-x (1);vibration engineering;discusses;is_discussed_in
DIN ISO 13379-x (1);vibration measurement;discusses;is_discussed_in
DIN ISO 13379-x (1);engines;discusses;is_discussed_in
DIN EN 16991;applicability;discusses;is_discussed_in
DIN EN 16991;definitions;discusses;is_discussed_in
DIN EN 16991;framework;discusses;is_discussed_in
DIN EN 16991;industrial facilities;discusses;is_discussed_in
DIN EN 16991;industrial plants;discusses;is_discussed_in
DIN EN 16991;industries;discusses;is_discussed_in
DIN EN 16991;inspection;discusses;is_discussed_in
DIN EN 16991;maintenance;discusses;is_discussed_in
DIN EN 16991;plans;discusses;is_discussed_in
DIN EN 16991;plant;discusses;is_discussed_in
DIN EN 16991;risk;discusses;is_discussed_in
DIN EN 16991;risk analysis;discusses;is_discussed_in
DIN EN 16991;risk assessment;discusses;is_discussed_in
DIN EN 16991;scope;discusses;is_discussed_in
DIN EN 16991;specification (approval);discusses;is_discussed_in
DIN EN IEC 62933-5-2;danger;discusses;is_discussed_in
DIN EN IEC 62933-5-2;definitions;discusses;is_discussed_in
DIN EN IEC 62933-5-2;distribution of electricity;discusses;is_discussed_in
DIN EN IEC 62933-5-2;electric power systems;discusses;is_discussed_in
DIN EN IEC 62933-5-2;electrical;discusses;is_discussed_in
DIN EN IEC 62933-5-2;electrical equipment;discusses;is_discussed_in
DIN EN IEC 62933-5-2;electrical installations;discusses;is_discussed_in
DIN EN IEC 62933-5-2;electrochemistry;discusses;is_discussed_in
DIN EN IEC 62933-5-2;energy;discusses;is_discussed_in
DIN EN IEC 62933-5-2;energy economy;discusses;is_discussed_in
DIN EN IEC 62933-5-2;energy management;discusses;is_discussed_in
DIN EN IEC 62933-5-2;energy storage;discusses;is_discussed_in
DIN EN IEC 62933-5-2;energy storage devices;discusses;is_discussed_in
DIN EN IEC 62933-5-2;environment;discusses;is_discussed_in
DIN EN IEC 62933-5-2;risk;discusses;is_discussed_in
DIN EN IEC 62933-5-2;risk assessment;discusses;is_discussed_in
DIN EN IEC 62933-5-2;safety;discusses;is_discussed_in
DIN EN IEC 62933-5-2;distress;discusses;is_discussed_in
DIN EN IEC 63223 VDE 0109-101;asset management;discusses;is_discussed_in
DIN EN IEC 63223 VDE 0109-101;circuit networks;discusses;is_discussed_in
DIN EN IEC 63223 VDE 0109-101;definitions;discusses;is_discussed_in
DIN EN IEC 63223 VDE 0109-101;effectiveness;discusses;is_discussed_in
DIN EN IEC 63223 VDE 0109-101;electric power systems;discusses;is_discussed_in
DIN EN IEC 63223 VDE 0109-101;energy supply systems (buildings);discusses;is_discussed_in
DIN EN IEC 63223 VDE 0109-101;industrial management;discusses;is_discussed_in
DIN EN IEC 63223 VDE 0109-101;management;discusses;is_discussed_in
DIN EN IEC 63223 VDE 0109-101;power supply system;discusses;is_discussed_in
DIN EN IEC 63223 VDE 0109-101;supply systems;discusses;is_discussed_in
DIN EN IEC 63223 VDE 0109-101;terminology;discusses;is_discussed_in
DIN EN IEC 63223 VDE 0109-101;vocabulary;discusses;is_discussed_in
DIN SPEC 91331;assessment of technological consequences;discusses;is_discussed_in
DIN SPEC 91331;classification;discusses;is_discussed_in
DIN SPEC 91331;classification systems;discusses;is_discussed_in
DIN SPEC 91331;contracts;discusses;is_discussed_in
DIN SPEC 91331;cooperation;discusses;is_discussed_in
DIN SPEC 91331;coordination;discusses;is_discussed_in
DIN SPEC 91331;cultural elements;discusses;is_discussed_in
DIN SPEC 91331;culture;discusses;is_discussed_in
DIN SPEC 91331;danger;discusses;is_discussed_in
DIN SPEC 91331;danger potentials;discusses;is_discussed_in
DIN SPEC 91331;disasters;discusses;is_discussed_in
DIN SPEC 91331;economics;discusses;is_discussed_in
DIN SPEC 91331;effectiveness;discusses;is_discussed_in
DIN SPEC 91331;energy;discusses;is_discussed_in
DIN SPEC 91331;environment;discusses;is_discussed_in
DIN SPEC 91331;environmental aspects;discusses;is_discussed_in
DIN SPEC 91331;financing;discusses;is_discussed_in
DIN SPEC 91331;infrastructure;discusses;is_discussed_in
DIN SPEC 91331;insolvencies;discusses;is_discussed_in
DIN SPEC 91331;internal politics;discusses;is_discussed_in
DIN SPEC 91331;international;discusses;is_discussed_in
DIN SPEC 91331;international agreements;discusses;is_discussed_in
DIN SPEC 91331;international politics;discusses;is_discussed_in
DIN SPEC 91331;law;discusses;is_discussed_in
DIN SPEC 91331;logistics;discusses;is_discussed_in
DIN SPEC 91331;management;discusses;is_discussed_in
DIN SPEC 91331;markets (economy);discusses;is_discussed_in
DIN SPEC 91331;money;discusses;is_discussed_in
DIN SPEC 91331;organization;discusses;is_discussed_in
DIN SPEC 91331;procedure of projects;discusses;is_discussed_in
DIN SPEC 91331;project;discusses;is_discussed_in
DIN SPEC 91331;quality management;discusses;is_discussed_in
DIN SPEC 91331;resources;discusses;is_discussed_in
DIN SPEC 91331;risk;discusses;is_discussed_in
DIN SPEC 91331;risk area;discusses;is_discussed_in
DIN SPEC 91331;risk assessment;discusses;is_discussed_in
DIN SPEC 91331;risk groups;discusses;is_discussed_in
DIN SPEC 91331;risk management;discusses;is_discussed_in
DIN SPEC 91331;selling;discusses;is_discussed_in
DIN SPEC 91331;taxes;discusses;is_discussed_in
DIN SPEC 91331;distress;discusses;is_discussed_in
DIN EN IEC 62933-5-2;danger;discusses;is_discussed_in
DIN EN IEC 62933-5-2;definitions;discusses;is_discussed_in
DIN EN IEC 62933-5-2;distribution of electricity;discusses;is_discussed_in
DIN EN IEC 62933-5-2;electric power systems;discusses;is_discussed_in
DIN EN IEC 62933-5-2;electrical;discusses;is_discussed_in
DIN EN IEC 62933-5-2;electrical equipment;discusses;is_discussed_in
DIN EN IEC 62933-5-2;electrical installations;discusses;is_discussed_in
DIN EN IEC 62933-5-2;electrochemistry;discusses;is_discussed_in
DIN EN IEC 62933-5-2;energy;discusses;is_discussed_in
DIN EN IEC 62933-5-2;energy economy;discusses;is_discussed_in
DIN EN IEC 62933-5-2;energy management;discusses;is_discussed_in
DIN EN IEC 62933-5-2;energy storage;discusses;is_discussed_in
DIN EN IEC 62933-5-2;energy storage devices;discusses;is_discussed_in
DIN EN IEC 62933-5-2;environment;discusses;is_discussed_in
DIN EN IEC 62933-5-2;risk;discusses;is_discussed_in
DIN EN IEC 62933-5-2;risk assessment;discusses;is_discussed_in
DIN EN IEC 62933-5-2;safety;discusses;is_discussed_in
DIN EN IEC 62933-5-2;distress;discusses;is_discussed_in
DIN VDE 0175-110 VDE 0175-110;business processes;discusses;is_discussed_in
DIN VDE 0175-110 VDE 0175-110;cyber security;discusses;is_discussed_in
DIN VDE 0175-110 VDE 0175-110;electric power systems;discusses;is_discussed_in
DIN VDE 0175-110 VDE 0175-110;energy economy;discusses;is_discussed_in
DIN VDE 0175-110 VDE 0175-110;energy supply systems (buildings);discusses;is_discussed_in
DIN VDE 0175-110 VDE 0175-110;energy technology;discusses;is_discussed_in
DIN VDE 0175-110 VDE 0175-110;enterprises;discusses;is_discussed_in
DIN VDE 0175-110 VDE 0175-110;intelligent networks;discusses;is_discussed_in
DIN VDE 0175-110 VDE 0175-110;it security;discusses;is_discussed_in
DIN VDE 0175-110 VDE 0175-110;networking;discusses;is_discussed_in
DIN VDE 0175-110 VDE 0175-110;operational safety;discusses;is_discussed_in
DIN VDE 0175-110 VDE 0175-110;reliability;discusses;is_discussed_in
DIN VDE 0175-110 VDE 0175-110;risk;discusses;is_discussed_in
DIN VDE 0175-110 VDE 0175-110;safety;discusses;is_discussed_in
DIN VDE 0175-110 VDE 0175-110;smart grid;discusses;is_discussed_in
DIN VDE 0175-110 VDE 0175-110;societal resilience;discusses;is_discussed_in
DIN VDE 0175-110 VDE 0175-110;surveys;discusses;is_discussed_in
NERC-GADS;no keyword;discusses;is_discussed_in
ISO 5500X Asset Management;applications;discusses;is_discussed_in
ISO 5500X Asset Management;asset management;discusses;is_discussed_in
ISO 5500X Asset Management;definitions;discusses;is_discussed_in
ISO 5500X Asset Management;dependability management;discusses;is_discussed_in
ISO 5500X Asset Management;finance;discusses;is_discussed_in
ISO 5500X Asset Management;financial management;discusses;is_discussed_in
ISO 5500X Asset Management;framework;discusses;is_discussed_in
ISO 5500X Asset Management;implementation;discusses;is_discussed_in
ISO 5500X Asset Management;industrial management;discusses;is_discussed_in
ISO 5500X Asset Management;information technology;discusses;is_discussed_in
ISO 5500X Asset Management;life (durability);discusses;is_discussed_in
ISO 5500X Asset Management;management systems;discusses;is_discussed_in
ISO 5500X Asset Management;mapping;discusses;is_discussed_in
ISO 5500X Asset Management;quality;discusses;is_discussed_in
ISO 5500X Asset Management;reliability;discusses;is_discussed_in
ISO 5500X Asset Management;reliability management;discusses;is_discussed_in
ISO 5500X Asset Management;use;discusses;is_discussed_in
ISO 5500X Asset Management;reliability;discusses;is_discussed_in
ISO 5500X Asset Management;inserts;discusses;is_discussed_in
ISO 5500X Asset Management;dependability management;discusses;is_discussed_in
ISO 5500X Asset Management;financial management;discusses;is_discussed_in
ISO 5500X Asset Management;life (durability);discusses;is_discussed_in
ISO 5500X Asset Management;implementation;discusses;is_discussed_in
ISO 5500X Asset Management;mapping;discusses;is_discussed_in
ISO 5500X Asset Management;quality;discusses;is_discussed_in
ISO 5500X Asset Management;framework;discusses;is_discussed_in
ISO 5500X Asset Management;mission;discusses;is_discussed_in
ISO 5500X Asset Management;finance;discusses;is_discussed_in
ISO 5500X Asset Management;use;discusses;is_discussed_in
ISO 5500X Asset Management;asset management;discusses;is_discussed_in
ISO 5500X Asset Management;reliability management;discusses;is_discussed_in
ISO 5500X Asset Management;management systems;discusses;is_discussed_in
ISO 5500X Asset Management;industrial management;discusses;is_discussed_in
ISO 5500X Asset Management;definitions;discusses;is_discussed_in
ISO 5500X Asset Management;applications;discusses;is_discussed_in
ISO 5500X Asset Management;information technology;discusses;is_discussed_in
DIN EN 16646;asset management;discusses;is_discussed_in
DIN EN 16646;assets;discusses;is_discussed_in
DIN EN 16646;competence;discusses;is_discussed_in
DIN EN 16646;definitions;discusses;is_discussed_in
DIN EN 16646;enterprises;discusses;is_discussed_in
DIN EN 16646;industrial management;discusses;is_discussed_in
DIN EN 16646;investments;discusses;is_discussed_in
DIN EN 16646;maintenance;discusses;is_discussed_in
DIN EN 16646;maintenance cost;discusses;is_discussed_in
DIN EN 16646;maintenance work;discusses;is_discussed_in
DIN EN 16646;management;discusses;is_discussed_in
DIN EN 16646;management systems;discusses;is_discussed_in
DIN EN 16646;performance;discusses;is_discussed_in
DIN EN 16646;planning;discusses;is_discussed_in
DIN EN 16646;quality assurance;discusses;is_discussed_in
DIN EN 16646;repair;discusses;is_discussed_in
DIN EN 16646;office management;discusses;is_discussed_in
DIN EN 16646;administration;discusses;is_discussed_in
DIN EN 17485;asset management;discusses;is_discussed_in
DIN EN 17485;assets;discusses;is_discussed_in
DIN EN 17485;competence;discusses;is_discussed_in
DIN EN 17485;decision-making;discusses;is_discussed_in
DIN EN 17485;definitions;discusses;is_discussed_in
DIN EN 17485;enterprises;discusses;is_discussed_in
DIN EN 17485;improvement;discusses;is_discussed_in
DIN EN 17485;industrial management;discusses;is_discussed_in
DIN EN 17485;influence factors;discusses;is_discussed_in
DIN EN 17485;investments;discusses;is_discussed_in
DIN EN 17485;life cycles;discusses;is_discussed_in
DIN EN 17485;maintenance;discusses;is_discussed_in
DIN EN 17485;maintenance cost;discusses;is_discussed_in
DIN EN 17485;maintenance work;discusses;is_discussed_in
DIN EN 17485;management;discusses;is_discussed_in
DIN EN 17485;management systems;discusses;is_discussed_in
DIN EN 17485;optimization;discusses;is_discussed_in
DIN EN 17485;performance;discusses;is_discussed_in
DIN EN 17485;planning;discusses;is_discussed_in
DIN EN 17485;plant;discusses;is_discussed_in
DIN EN 17485;procedures;discusses;is_discussed_in
DIN EN 17485;quality assurance;discusses;is_discussed_in
DIN EN 17485;repair;discusses;is_discussed_in
DIN EN 17485;sustainability;discusses;is_discussed_in
DIN EN 17485;office management;discusses;is_discussed_in
DIN EN 17485;administration;discusses;is_discussed_in
DIN ISO 31000;applications;discusses;is_discussed_in
DIN ISO 31000;data analysis;discusses;is_discussed_in
DIN ISO 31000;definitions;discusses;is_discussed_in
DIN ISO 31000;examination (quality assurance);discusses;is_discussed_in
DIN ISO 31000;guide books;discusses;is_discussed_in
DIN ISO 31000;guidelines;discusses;is_discussed_in
DIN ISO 31000;hazards;discusses;is_discussed_in
DIN ISO 31000;influence factors;discusses;is_discussed_in
DIN ISO 31000;instructions;discusses;is_discussed_in
DIN ISO 31000;management;discusses;is_discussed_in
DIN ISO 31000;methods of analysis;discusses;is_discussed_in
DIN ISO 31000;organization;discusses;is_discussed_in
DIN ISO 31000;planning;discusses;is_discussed_in
DIN ISO 31000;reliability;discusses;is_discussed_in
DIN ISO 31000;risk;discusses;is_discussed_in
DIN ISO 31000;risk analysis;discusses;is_discussed_in
DIN ISO 31000;risk area;discusses;is_discussed_in
DIN ISO 31000;risk management;discusses;is_discussed_in
DIN ISO 31000;safety;discusses;is_discussed_in
DIN ISO 31000;safety engineering;discusses;is_discussed_in
DIN ISO 31000;security management;discusses;is_discussed_in
DIN ISO 31000;specification (approval);discusses;is_discussed_in
DIN ISO 31000;systemology;discusses;is_discussed_in
DIN ISO 31000;testing;discusses;is_discussed_in
DIN ISO 31000;implementation;discusses;is_discussed_in
DIN ISO 31000;use;discusses;is_discussed_in
DIN EN IEC 60300-1 ;applications;discusses;is_discussed_in
DIN EN IEC 60300-1 ;computer hardware;discusses;is_discussed_in
DIN EN IEC 60300-1 ;computer software;discusses;is_discussed_in
DIN EN IEC 60300-1 ;definitions;discusses;is_discussed_in
DIN EN IEC 60300-1 ;functional capability;discusses;is_discussed_in
DIN EN IEC 60300-1 ;guide books;discusses;is_discussed_in
DIN EN IEC 60300-1 ;hardware;discusses;is_discussed_in
DIN EN IEC 60300-1 ;management;discusses;is_discussed_in
DIN EN IEC 60300-1 ;management systems;discusses;is_discussed_in
DIN EN IEC 60300-1 ;quality;discusses;is_discussed_in
DIN EN IEC 60300-1 ;quality assurance;discusses;is_discussed_in
DIN EN IEC 60300-1 ;quality assurance systems;discusses;is_discussed_in
DIN EN IEC 60300-1 ;quality control;discusses;is_discussed_in
DIN EN IEC 60300-1 ;quality management;discusses;is_discussed_in
DIN EN IEC 60300-1 ;reability related program;discusses;is_discussed_in
DIN EN IEC 60300-1 ;reliability;discusses;is_discussed_in
DIN EN IEC 60300-1 ;reliability management;discusses;is_discussed_in
DIN EN IEC 60300-1 ;software;discusses;is_discussed_in
DIN EN IEC 60300-1 ;standards;discusses;is_discussed_in
DIN EN IEC 60300-1 ;verification;discusses;is_discussed_in
DIN EN IEC 60300-1 ;dependability management;discusses;is_discussed_in
DIN EN IEC 60300-1 ;implementation;discusses;is_discussed_in
DIN EN IEC 60300-1 ;use;discusses;is_discussed_in
DIN EN 61400-25-X;communication;discusses;is_discussed_in
DIN EN 61400-25-X;communication systems;discusses;is_discussed_in
DIN EN 61400-25-X;communication technology;discusses;is_discussed_in
DIN EN 61400-25-X;control engineering;discusses;is_discussed_in
DIN EN 61400-25-X;control technology;discusses;is_discussed_in
DIN EN 61400-25-X;data exchange;discusses;is_discussed_in
DIN EN 61400-25-X;definitions;discusses;is_discussed_in
DIN EN 61400-25-X;efficiency;discusses;is_discussed_in
DIN EN 61400-25-X;electrical engineering;discusses;is_discussed_in
DIN EN 61400-25-X;information interchange;discusses;is_discussed_in
DIN EN 61400-25-X;measurement;discusses;is_discussed_in
DIN EN 61400-25-X;measuring techniques;discusses;is_discussed_in
DIN EN 61400-25-X;monitoring;discusses;is_discussed_in
DIN EN 61400-25-X;performance;discusses;is_discussed_in
DIN EN 61400-25-X;power generating plant;discusses;is_discussed_in
DIN EN 61400-25-X;power measurement;discusses;is_discussed_in
DIN EN 61400-25-X;power measurement (electric);discusses;is_discussed_in
DIN EN 61400-25-X;process control;discusses;is_discussed_in
DIN EN 61400-25-X;rating tests;discusses;is_discussed_in
DIN EN 61400-25-X;surveillance (approval);discusses;is_discussed_in
DIN EN 61400-25-X;wind power;discusses;is_discussed_in
DIN EN 61400-25-X;wind power stations;discusses;is_discussed_in
DIN EN 61400-25-X;wind turbines;discusses;is_discussed_in
DIN EN 61400-25-X;information exchange;discusses;is_discussed_in
DIN EN 61400-25-X;output capacity;discusses;is_discussed_in
DIN EN 61400-25-X;power;discusses;is_discussed_in
DIN EN 61400-13;behaviour;discusses;is_discussed_in
DIN EN 61400-13;data acquisition;discusses;is_discussed_in
DIN EN 61400-13;definitions;discusses;is_discussed_in
DIN EN 61400-13;electric power generation;discusses;is_discussed_in
DIN EN 61400-13;electrical engineering;discusses;is_discussed_in
DIN EN 61400-13;electricity;discusses;is_discussed_in
DIN EN 61400-13;generators;discusses;is_discussed_in
DIN EN 61400-13;measurement;discusses;is_discussed_in
DIN EN 61400-13;measuring techniques;discusses;is_discussed_in
DIN EN 61400-13;mechanical load;discusses;is_discussed_in
DIN EN 61400-13;mechanical properties;discusses;is_discussed_in
DIN EN 61400-13;performance;discusses;is_discussed_in
DIN EN 61400-13;power generating plant;discusses;is_discussed_in
DIN EN 61400-13;power measurement (electric);discusses;is_discussed_in
DIN EN 61400-13;rating tests;discusses;is_discussed_in
DIN EN 61400-13;stress;discusses;is_discussed_in
DIN EN 61400-13;testing conditions;discusses;is_discussed_in
DIN EN 61400-13;turbines;discusses;is_discussed_in
DIN EN 61400-13;wind power;discusses;is_discussed_in
DIN EN 61400-13;wind power stations;discusses;is_discussed_in
DIN EN 61400-13;wind turbine generator systems;discusses;is_discussed_in
DIN EN 61400-13;wind turbines;discusses;is_discussed_in
DIN EN 61400-13;wind-electric power stations;discusses;is_discussed_in
DIN EN 61400-13;wind-powered devices;discusses;is_discussed_in
DIN EN 61400-13;power;discusses;is_discussed_in
DIN EN 61400-13;power measurement;discusses;is_discussed_in
DIN EN 61400-13;output capacity;discusses;is_discussed_in
DIN EN 61400-13;efficiency;discusses;is_discussed_in
DIN EN IEC 61400-15-1;climate;discusses;is_discussed_in
DIN EN IEC 61400-15-1;definitions;discusses;is_discussed_in
DIN EN IEC 61400-15-1;electric power generation;discusses;is_discussed_in
DIN EN IEC 61400-15-1;electrical engineering;discusses;is_discussed_in
DIN EN IEC 61400-15-1;electricity;discusses;is_discussed_in
DIN EN IEC 61400-15-1;environmental condition;discusses;is_discussed_in
DIN EN IEC 61400-15-1;generators;discusses;is_discussed_in
DIN EN IEC 61400-15-1;locations;discusses;is_discussed_in
DIN EN IEC 61400-15-1;measurement;discusses;is_discussed_in
DIN EN IEC 61400-15-1;measuring techniques;discusses;is_discussed_in
DIN EN IEC 61400-15-1;power generating plant;discusses;is_discussed_in
DIN EN IEC 61400-15-1;suitability;discusses;is_discussed_in
DIN EN IEC 61400-15-1;testing conditions;discusses;is_discussed_in
DIN EN IEC 61400-15-1;turbines;discusses;is_discussed_in
DIN EN IEC 61400-15-1;wind power;discusses;is_discussed_in
DIN EN IEC 61400-15-1;wind power stations;discusses;is_discussed_in
DIN EN IEC 61400-15-1;wind turbines;discusses;is_discussed_in
DIN EN IEC 61400-15-1;wind-electric power stations;discusses;is_discussed_in
DIN EN IEC 61400-15-1;wind-powered devices;discusses;is_discussed_in
IEC 61400-10 Noise measurement;acoustic measurement;discusses;is_discussed_in
IEC 61400-10 Noise measurement;acoustic signals;discusses;is_discussed_in
IEC 61400-10 Noise measurement;acoustic testing;discusses;is_discussed_in
IEC 61400-10 Noise measurement;definitions;discusses;is_discussed_in
IEC 61400-10 Noise measurement;design;discusses;is_discussed_in
IEC 61400-10 Noise measurement;electric generators;discusses;is_discussed_in
IEC 61400-10 Noise measurement;electric machines;discusses;is_discussed_in
IEC 61400-10 Noise measurement;electrical engineering;discusses;is_discussed_in
IEC 61400-10 Noise measurement;energy technology;discusses;is_discussed_in
IEC 61400-10 Noise measurement;environmental conditions;discusses;is_discussed_in
IEC 61400-10 Noise measurement;generators;discusses;is_discussed_in
IEC 61400-10 Noise measurement;installations;discusses;is_discussed_in
IEC 61400-10 Noise measurement;maintenance;discusses;is_discussed_in
IEC 61400-10 Noise measurement;measurement;discusses;is_discussed_in
IEC 61400-10 Noise measurement;measuring techniques;discusses;is_discussed_in
IEC 61400-10 Noise measurement;noise measurement;discusses;is_discussed_in
IEC 61400-10 Noise measurement;power generation;discusses;is_discussed_in
IEC 61400-10 Noise measurement;quality assurance;discusses;is_discussed_in
IEC 61400-10 Noise measurement;rotating electric machines;discusses;is_discussed_in
IEC 61400-10 Noise measurement;safety;discusses;is_discussed_in
IEC 61400-10 Noise measurement;safety engineering;discusses;is_discussed_in
IEC 61400-10 Noise measurement;safety requirements;discusses;is_discussed_in
IEC 61400-10 Noise measurement;sound level;discusses;is_discussed_in
IEC 61400-10 Noise measurement;sound power;discusses;is_discussed_in
IEC 61400-10 Noise measurement;sound propagation;discusses;is_discussed_in
IEC 61400-10 Noise measurement;specification (approval);discusses;is_discussed_in
IEC 61400-10 Noise measurement;turbines;discusses;is_discussed_in
IEC 61400-10 Noise measurement;turbogenerators;discusses;is_discussed_in
IEC 61400-10 Noise measurement;wind power stations;discusses;is_discussed_in
IEC 61400-10 Noise measurement;wind turbines;discusses;is_discussed_in
IEC 61400-10 Noise measurement;wind-electric power stations;discusses;is_discussed_in
DIN 6779-10 (2007-04-00) ;coordination;discusses;is_discussed_in
DIN 6779-10 (2007-04-00) ;definitions;discusses;is_discussed_in
DIN 6779-10 (2007-04-00) ;distinguishing signs;discusses;is_discussed_in
DIN 6779-10 (2007-04-00) ;documentation systematics;discusses;is_discussed_in
DIN 6779-10 (2007-04-00) ;electric power stations;discusses;is_discussed_in
DIN 6779-10 (2007-04-00) ;encoding;discusses;is_discussed_in
DIN 6779-10 (2007-04-00) ;identification;discusses;is_discussed_in
DIN 6779-10 (2007-04-00) ;identification system;discusses;is_discussed_in
DIN 6779-10 (2007-04-00) ;marking;discusses;is_discussed_in
DIN 6779-10 (2007-04-00) ;marks;discusses;is_discussed_in
DIN 6779-10 (2007-04-00) ;power station engineering;discusses;is_discussed_in
DIN 6779-10 (2007-04-00) ;products;discusses;is_discussed_in
DIN 6779-10 (2007-04-00) ;products documentation;discusses;is_discussed_in
DIN 6779-10 (2007-04-00) ;systematics;discusses;is_discussed_in
DIN 6779-10 (2007-04-00) ;technical documents;discusses;is_discussed_in
DIN 6779-10 (2007-04-00) ;codification;discusses;is_discussed_in
IEC/TR 61400-12-4;behaviour;discusses;is_discussed_in
IEC/TR 61400-12-4;calibration;discusses;is_discussed_in
IEC/TR 61400-12-4;climate;discusses;is_discussed_in
IEC/TR 61400-12-4;data acquisition;discusses;is_discussed_in
IEC/TR 61400-12-4;definitions;discusses;is_discussed_in
IEC/TR 61400-12-4;efficiency;discusses;is_discussed_in
IEC/TR 61400-12-4;electric power generation;discusses;is_discussed_in
IEC/TR 61400-12-4;electrical engineering;discusses;is_discussed_in
IEC/TR 61400-12-4;electricity;discusses;is_discussed_in
IEC/TR 61400-12-4;generators;discusses;is_discussed_in
IEC/TR 61400-12-4;locations;discusses;is_discussed_in
IEC/TR 61400-12-4;measurement;discusses;is_discussed_in
IEC/TR 61400-12-4;measurement set-up;discusses;is_discussed_in
IEC/TR 61400-12-4;measuring results;discusses;is_discussed_in
IEC/TR 61400-12-4;measuring techniques;discusses;is_discussed_in
IEC/TR 61400-12-4;performance;discusses;is_discussed_in
IEC/TR 61400-12-4;power generating plant;discusses;is_discussed_in
IEC/TR 61400-12-4;power measurement (electric);discusses;is_discussed_in
IEC/TR 61400-12-4;rating tests;discusses;is_discussed_in
IEC/TR 61400-12-4;testing conditions;discusses;is_discussed_in
IEC/TR 61400-12-4;turbines;discusses;is_discussed_in
IEC/TR 61400-12-4;wind power;discusses;is_discussed_in
IEC/TR 61400-12-4;wind power stations;discusses;is_discussed_in
IEC/TR 61400-12-4;wind turbines;discusses;is_discussed_in
IEC/TR 61400-12-4;wind-electric power stations;discusses;is_discussed_in
IEC/TR 61400-12-4;wind-powered devices;discusses;is_discussed_in
IEC/TR 61400-12-4;power;discusses;is_discussed_in
IEC/TR 61400-12-4;power measurement;discusses;is_discussed_in
IEC/TR 61400-12-4;output capacity;discusses;is_discussed_in
DIN EN IEC 61400-21-x (1);active power;discusses;is_discussed_in
DIN EN IEC 61400-21-x (1);bond;discusses;is_discussed_in
DIN EN IEC 61400-21-x (1);compatibility;discusses;is_discussed_in
DIN EN IEC 61400-21-x (1);compatibility tests;discusses;is_discussed_in
DIN EN IEC 61400-21-x (1);definitions;discusses;is_discussed_in
DIN EN IEC 61400-21-x (1);durability;discusses;is_discussed_in
DIN EN IEC 61400-21-x (1);electric power systems;discusses;is_discussed_in
DIN EN IEC 61400-21-x (1);electrical engineering;discusses;is_discussed_in
DIN EN IEC 61400-21-x (1);electrical properties;discusses;is_discussed_in
DIN EN IEC 61400-21-x (1);energy supply systems (buildings);discusses;is_discussed_in
DIN EN IEC 61400-21-x (1);generators;discusses;is_discussed_in
DIN EN IEC 61400-21-x (1);grids;discusses;is_discussed_in
DIN EN IEC 61400-21-x (1);mains supply;discusses;is_discussed_in
DIN EN IEC 61400-21-x (1);measurement set-up;discusses;is_discussed_in
DIN EN IEC 61400-21-x (1);measuring techniques;discusses;is_discussed_in
DIN EN IEC 61400-21-x (1);network protection;discusses;is_discussed_in
DIN EN IEC 61400-21-x (1);power generation;discusses;is_discussed_in
DIN EN IEC 61400-21-x (1);power measurement;discusses;is_discussed_in
DIN EN IEC 61400-21-x (1);power measurement (electric);discusses;is_discussed_in
DIN EN IEC 61400-21-x (1);quality;discusses;is_discussed_in
DIN EN IEC 61400-21-x (1);ratings;discusses;is_discussed_in
DIN EN IEC 61400-21-x (1);specification (approval);discusses;is_discussed_in
DIN EN IEC 61400-21-x (1);testing;discusses;is_discussed_in
DIN EN IEC 61400-21-x (1);turbines;discusses;is_discussed_in
DIN EN IEC 61400-21-x (1);voltage;discusses;is_discussed_in
DIN EN IEC 61400-21-x (1);voltage dips;discusses;is_discussed_in
DIN EN IEC 61400-21-x (1);wind power stations;discusses;is_discussed_in
DIN EN IEC 61400-21-x (1);wind turbine generator systems;discusses;is_discussed_in
DIN EN IEC 61400-21-x (1);wind turbines;discusses;is_discussed_in
DIN EN IEC 61400-21-x (1);stress;discusses;is_discussed_in
DIN EN IEC 61400-21-x (1);nets;discusses;is_discussed_in
DIN EN IEC 61400-21-x (1);permanency;discusses;is_discussed_in
DIN EN IEC 61400-21-x (1);electrical properties and phenomena;discusses;is_discussed_in
DIN EN IEC 61400-21-x (1);network;discusses;is_discussed_in
IEC 61400-27-x (1);bending strength;discusses;is_discussed_in
IEC 61400-27-x (1);definitions;discusses;is_discussed_in
IEC 61400-27-x (1);electric generators;discusses;is_discussed_in
IEC 61400-27-x (1);electrical engineering;discusses;is_discussed_in
IEC 61400-27-x (1);electrical equipment;discusses;is_discussed_in
IEC 61400-27-x (1);electrical testing;discusses;is_discussed_in
IEC 61400-27-x (1);evaluations;discusses;is_discussed_in
IEC 61400-27-x (1);generators;discusses;is_discussed_in
IEC 61400-27-x (1);power generation;discusses;is_discussed_in
IEC 61400-27-x (1);quality assurance;discusses;is_discussed_in
IEC 61400-27-x (1);reliability;discusses;is_discussed_in
IEC 61400-27-x (1);safety;discusses;is_discussed_in
IEC 61400-27-x (1);simulation;discusses;is_discussed_in
IEC 61400-27-x (1);specification (approval);discusses;is_discussed_in
IEC 61400-27-x (1);test results;discusses;is_discussed_in
IEC 61400-27-x (1);testing;discusses;is_discussed_in
IEC 61400-27-x (1);testing conditions;discusses;is_discussed_in
IEC 61400-27-x (1);turbines;discusses;is_discussed_in
IEC 61400-27-x (1);wind power stations;discusses;is_discussed_in
IEC 61400-27-x (1);wind turbine generator systems;discusses;is_discussed_in
IEC 61400-27-x (1);wind turbines;discusses;is_discussed_in
IEC 61400-27-x (1);wind-powered devices;discusses;is_discussed_in
DIN EN 16603-31-04;aerospace transport;discusses;is_discussed_in
DIN EN 16603-31-04;checks;discusses;is_discussed_in
DIN EN 16603-31-04;commissioning;discusses;is_discussed_in
DIN EN 16603-31-04;computer software;discusses;is_discussed_in
DIN EN 16603-31-04;control equipment;discusses;is_discussed_in
DIN EN 16603-31-04;cryogenic;discusses;is_discussed_in
DIN EN 16603-31-04;cryogenics;discusses;is_discussed_in
DIN EN 16603-31-04;data exchange;discusses;is_discussed_in
DIN EN 16603-31-04;definitions;discusses;is_discussed_in
DIN EN 16603-31-04;exchange;discusses;is_discussed_in
DIN EN 16603-31-04;high temperature;discusses;is_discussed_in
DIN EN 16603-31-04;high temperatures;discusses;is_discussed_in
DIN EN 16603-31-04;interfaces;discusses;is_discussed_in
DIN EN 16603-31-04;maximum temperatures;discusses;is_discussed_in
DIN EN 16603-31-04;mechanical interfaces;discusses;is_discussed_in
DIN EN 16603-31-04;mechanics;discusses;is_discussed_in
DIN EN 16603-31-04;modelling;discusses;is_discussed_in
DIN EN 16603-31-04;models;discusses;is_discussed_in
DIN EN 16603-31-04;operation;discusses;is_discussed_in
DIN EN 16603-31-04;outer space;discusses;is_discussed_in
DIN EN 16603-31-04;performance;discusses;is_discussed_in
DIN EN 16603-31-04;performance tests;discusses;is_discussed_in
DIN EN 16603-31-04;protocols;discusses;is_discussed_in
DIN EN 16603-31-04;quality assurance;discusses;is_discussed_in
DIN EN 16603-31-04;reliability;discusses;is_discussed_in
DIN EN 16603-31-04;safety;discusses;is_discussed_in
DIN EN 16603-31-04;space safety;discusses;is_discussed_in
DIN EN 16603-31-04;space technology;discusses;is_discussed_in
DIN EN 16603-31-04;space transport;discusses;is_discussed_in
DIN EN 16603-31-04;space vehicles;discusses;is_discussed_in
DIN EN 16603-31-04;spacecraft;discusses;is_discussed_in
DIN EN 16603-31-04;spacecraft instruments;discusses;is_discussed_in
DIN EN 16603-31-04;specification (approval);discusses;is_discussed_in
DIN EN 16603-31-04;surveillance (approval);discusses;is_discussed_in
DIN EN 16603-31-04;temperature;discusses;is_discussed_in
DIN EN 16603-31-04;temperature control;discusses;is_discussed_in
DIN EN 16603-31-04;temperature range;discusses;is_discussed_in
DIN EN 16603-31-04;testing;discusses;is_discussed_in
DIN EN 16603-31-04;thermal;discusses;is_discussed_in
DIN EN 16603-31-04;thermal environment;discusses;is_discussed_in
DIN EN 16603-31-04;thermal stress;discusses;is_discussed_in
DIN EN 16603-31-04;information exchange;discusses;is_discussed_in
DIN EN 16603-31-04;software;discusses;is_discussed_in
DIN EN 16603-31-04;records;discusses;is_discussed_in
DIN EN 16603-31-04;patterns;discusses;is_discussed_in
DIN ISO 10816-21;axis of rotation;discusses;is_discussed_in
DIN ISO 10816-21;axles;discusses;is_discussed_in
DIN ISO 10816-21;definitions;discusses;is_discussed_in
DIN ISO 10816-21;evaluations;discusses;is_discussed_in
DIN ISO 10816-21;gear boxes;discusses;is_discussed_in
DIN ISO 10816-21;machine vibration;discusses;is_discussed_in
DIN ISO 10816-21;measurement;discusses;is_discussed_in
DIN ISO 10816-21;measuring equipment;discusses;is_discussed_in
DIN ISO 10816-21;measuring techniques;discusses;is_discussed_in
DIN ISO 10816-21;mechanical engineering;discusses;is_discussed_in
DIN ISO 10816-21;mechanical testing;discusses;is_discussed_in
DIN ISO 10816-21;rotors;discusses;is_discussed_in
DIN ISO 10816-21;testing;discusses;is_discussed_in
DIN ISO 10816-21;vibration;discusses;is_discussed_in
DIN ISO 10816-21;vibration engineering;discusses;is_discussed_in
DIN ISO 10816-21;vibration measurement;discusses;is_discussed_in
DIN ISO 10816-21;vibration resistance tests;discusses;is_discussed_in
DIN ISO 10816-21;vibration severity;discusses;is_discussed_in
DIN ISO 10816-21;vibration tests;discusses;is_discussed_in
DIN ISO 10816-21;wind power stations;discusses;is_discussed_in
DIN ISO 10816-21;wind turbine generator systems;discusses;is_discussed_in
DIN ISO 10816-21;wind turbines;discusses;is_discussed_in
DIN ISO 10816-21;gearing;discusses;is_discussed_in
IEC 88/798/CD CEI 88/798/CD IEC/TS 61400-28;availability;discusses;is_discussed_in
IEC 88/798/CD CEI 88/798/CD IEC/TS 61400-28;communication technology;discusses;is_discussed_in
IEC 88/798/CD CEI 88/798/CD IEC/TS 61400-28;condition monitoring;discusses;is_discussed_in
IEC 88/798/CD CEI 88/798/CD IEC/TS 61400-28;control engineering;discusses;is_discussed_in
IEC 88/798/CD CEI 88/798/CD IEC/TS 61400-28;definitions;discusses;is_discussed_in
IEC 88/798/CD CEI 88/798/CD IEC/TS 61400-28;electric generators;discusses;is_discussed_in
IEC 88/798/CD CEI 88/798/CD IEC/TS 61400-28;electrical engineering;discusses;is_discussed_in
IEC 88/798/CD CEI 88/798/CD IEC/TS 61400-28;electrical equipment;discusses;is_discussed_in
IEC 88/798/CD CEI 88/798/CD IEC/TS 61400-28;electrical testing;discusses;is_discussed_in
IEC 88/798/CD CEI 88/798/CD IEC/TS 61400-28;environmental condition;discusses;is_discussed_in
IEC 88/798/CD CEI 88/798/CD IEC/TS 61400-28;evaluations;discusses;is_discussed_in
IEC 88/798/CD CEI 88/798/CD IEC/TS 61400-28;further operating;discusses;is_discussed_in
IEC 88/798/CD CEI 88/798/CD IEC/TS 61400-28;generators;discusses;is_discussed_in
IEC 88/798/CD CEI 88/798/CD IEC/TS 61400-28;life (durability);discusses;is_discussed_in
IEC 88/798/CD CEI 88/798/CD IEC/TS 61400-28;maintenance;discusses;is_discussed_in
IEC 88/798/CD CEI 88/798/CD IEC/TS 61400-28;measurement;discusses;is_discussed_in
IEC 88/798/CD CEI 88/798/CD IEC/TS 61400-28;measuring techniques;discusses;is_discussed_in
IEC 88/798/CD CEI 88/798/CD IEC/TS 61400-28;monitoring;discusses;is_discussed_in
IEC 88/798/CD CEI 88/798/CD IEC/TS 61400-28;performance;discusses;is_discussed_in
IEC 88/798/CD CEI 88/798/CD IEC/TS 61400-28;power generating plant;discusses;is_discussed_in
IEC 88/798/CD CEI 88/798/CD IEC/TS 61400-28;power generation;discusses;is_discussed_in
IEC 88/798/CD CEI 88/798/CD IEC/TS 61400-28;risk;discusses;is_discussed_in
IEC 88/798/CD CEI 88/798/CD IEC/TS 61400-28;risk management;discusses;is_discussed_in
IEC 88/798/CD CEI 88/798/CD IEC/TS 61400-28;safety;discusses;is_discussed_in
IEC 88/798/CD CEI 88/798/CD IEC/TS 61400-28;specification (approval);discusses;is_discussed_in
IEC 88/798/CD CEI 88/798/CD IEC/TS 61400-28;status;discusses;is_discussed_in
IEC 88/798/CD CEI 88/798/CD IEC/TS 61400-28;testing;discusses;is_discussed_in
IEC 88/798/CD CEI 88/798/CD IEC/TS 61400-28;testing conditions;discusses;is_discussed_in
IEC 88/798/CD CEI 88/798/CD IEC/TS 61400-28;turbines;discusses;is_discussed_in
IEC 88/798/CD CEI 88/798/CD IEC/TS 61400-28;wind farms;discusses;is_discussed_in
IEC 88/798/CD CEI 88/798/CD IEC/TS 61400-28;wind power;discusses;is_discussed_in
IEC 88/798/CD CEI 88/798/CD IEC/TS 61400-28;wind power stations;discusses;is_discussed_in
IEC 88/798/CD CEI 88/798/CD IEC/TS 61400-28;wind turbine generator systems;discusses;is_discussed_in
IEC 88/798/CD CEI 88/798/CD IEC/TS 61400-28;wind turbines;discusses;is_discussed_in
IEC 88/798/CD CEI 88/798/CD IEC/TS 61400-28;wind-powered devices;discusses;is_discussed_in
ANSI/UL 4143;extensions;discusses;is_discussed_in
ANSI/UL 4143;generators;discusses;is_discussed_in
ANSI/UL 4143;life cycles;discusses;is_discussed_in
ANSI/UL 4143;life (durability);discusses;is_discussed_in
ANSI/UL 4143;onshore;discusses;is_discussed_in
ANSI/UL 4143;risk;discusses;is_discussed_in
ANSI/UL 4143;specification (approval);discusses;is_discussed_in
ANSI/UL 4143;wind loading;discusses;is_discussed_in
ANSI/UL 4143;wind power;discusses;is_discussed_in
ANSI/UL 4143;wind power stations;discusses;is_discussed_in
ANSI/UL 4143;wind turbine generator systems;discusses;is_discussed_in
ANSI/UL 4143;wind turbines;discusses;is_discussed_in
BS EN IEC 61400-24:2019;electrical protection equipment;discusses;is_discussed_in
BS EN IEC 61400-24:2019;electrical safety;discusses;is_discussed_in
BS EN IEC 61400-24:2019;wind power;discusses;is_discussed_in
BS EN IEC 61400-24:2019;cost benefit analysis;discusses;is_discussed_in
BS EN IEC 61400-24:2019;turbines;discusses;is_discussed_in
BS EN IEC 61400-24:2019;risk assessment;discusses;is_discussed_in
BS EN IEC 61400-24:2019;electric generators;discusses;is_discussed_in
BS EN IEC 61400-24:2019;wind turbines;discusses;is_discussed_in
BS EN IEC 61400-24:2019;lightning protection;discusses;is_discussed_in
BS EN IEC 61400-24:2019;wind-electric power stations;discusses;is_discussed_in
BS EN IEC 61400-24:2019;protection against electric shocks;discusses;is_discussed_in
ReliaWind;no keyword;discusses;is_discussed_in
FGW Teil 7-D2 FGW TR 7 (FGW ZEUS);definitions;discusses;is_discussed_in
FGW Teil 7-D2 FGW TR 7 (FGW ZEUS);electric power stations;discusses;is_discussed_in
FGW Teil 7-D2 FGW TR 7 (FGW ZEUS);maintenance;discusses;is_discussed_in
FGW Teil 7-D2 FGW TR 7 (FGW ZEUS);operating conditions;discusses;is_discussed_in
FGW Teil 7-D2 FGW TR 7 (FGW ZEUS);power generating installation;discusses;is_discussed_in
FGW Teil 7-D2 FGW TR 7 (FGW ZEUS);power generating plant;discusses;is_discussed_in
FGW Teil 7-D2 FGW TR 7 (FGW ZEUS);reliability;discusses;is_discussed_in
FGW Teil 7-D2 FGW TR 7 (FGW ZEUS);renewable energy;discusses;is_discussed_in
FGW Teil 7-D2 FGW TR 7 (FGW ZEUS);size classification;discusses;is_discussed_in
FGW Teil 7-D2 FGW TR 7 (FGW ZEUS);solar power;discusses;is_discussed_in
FGW Teil 7-D2 FGW TR 7 (FGW ZEUS);status;discusses;is_discussed_in
FGW Teil 7-D2 FGW TR 7 (FGW ZEUS);users;discusses;is_discussed_in
FGW Teil 7-D2 FGW TR 7 (FGW ZEUS);water power;discusses;is_discussed_in
FGW Teil 7-D2 FGW TR 7 (FGW ZEUS);wind power stations;discusses;is_discussed_in
FGW Teil 7-D2 FGW TR 7 (FGW ZEUS);wind turbine generator systems;discusses;is_discussed_in
DIN EN IEC 61400-26-X (1);availability;discusses;is_discussed_in
DIN EN IEC 61400-26-X (1);communication technology;discusses;is_discussed_in
DIN EN IEC 61400-26-X (1);conformity;discusses;is_discussed_in
DIN EN IEC 61400-26-X (1);conformity testing;discusses;is_discussed_in
DIN EN IEC 61400-26-X (1);control engineering;discusses;is_discussed_in
DIN EN IEC 61400-26-X (1);control technology;discusses;is_discussed_in
DIN EN IEC 61400-26-X (1);definitions;discusses;is_discussed_in
DIN EN IEC 61400-26-X (1);electric generators;discusses;is_discussed_in
DIN EN IEC 61400-26-X (1);electrical engineering;discusses;is_discussed_in
DIN EN IEC 61400-26-X (1);electrical equipment;discusses;is_discussed_in
DIN EN IEC 61400-26-X (1);electrical testing;discusses;is_discussed_in
DIN EN IEC 61400-26-X (1);generators;discusses;is_discussed_in
DIN EN IEC 61400-26-X (1);measurement;discusses;is_discussed_in
DIN EN IEC 61400-26-X (1);measuring techniques;discusses;is_discussed_in
DIN EN IEC 61400-26-X (1);monitoring;discusses;is_discussed_in
DIN EN IEC 61400-26-X (1);performance;discusses;is_discussed_in
DIN EN IEC 61400-26-X (1);power generating plant;discusses;is_discussed_in
DIN EN IEC 61400-26-X (1);power generation;discusses;is_discussed_in
DIN EN IEC 61400-26-X (1);process control;discusses;is_discussed_in
DIN EN IEC 61400-26-X (1);rating tests;discusses;is_discussed_in
DIN EN IEC 61400-26-X (1);safety;discusses;is_discussed_in
DIN EN IEC 61400-26-X (1);specification (approval);discusses;is_discussed_in
DIN EN IEC 61400-26-X (1);testing;discusses;is_discussed_in
DIN EN IEC 61400-26-X (1);testing conditions;discusses;is_discussed_in
DIN EN IEC 61400-26-X (1);timers;discusses;is_discussed_in
DIN EN IEC 61400-26-X (1);turbines;discusses;is_discussed_in
DIN EN IEC 61400-26-X (1);wind power;discusses;is_discussed_in
DIN EN IEC 61400-26-X (1);wind power stations;discusses;is_discussed_in
DIN EN IEC 61400-26-X (1);wind turbine generator systems;discusses;is_discussed_in
DIN EN IEC 61400-26-X (1);wind turbines;discusses;is_discussed_in
DIN EN IEC 61400-26-X (1);wind-powered devices;discusses;is_discussed_in
IEC 88/798/CD CEI 88/798/CD IEC/TS 61400-28;availability;discusses;is_discussed_in
IEC 88/798/CD CEI 88/798/CD IEC/TS 61400-28;communication technology;discusses;is_discussed_in
IEC 88/798/CD CEI 88/798/CD IEC/TS 61400-28;condition monitoring;discusses;is_discussed_in
IEC 88/798/CD CEI 88/798/CD IEC/TS 61400-28;control engineering;discusses;is_discussed_in
IEC 88/798/CD CEI 88/798/CD IEC/TS 61400-28;definitions;discusses;is_discussed_in
IEC 88/798/CD CEI 88/798/CD IEC/TS 61400-28;electric generators;discusses;is_discussed_in
IEC 88/798/CD CEI 88/798/CD IEC/TS 61400-28;electrical engineering;discusses;is_discussed_in
IEC 88/798/CD CEI 88/798/CD IEC/TS 61400-28;electrical equipment;discusses;is_discussed_in
IEC 88/798/CD CEI 88/798/CD IEC/TS 61400-28;electrical testing;discusses;is_discussed_in
IEC 88/798/CD CEI 88/798/CD IEC/TS 61400-28;environmental condition;discusses;is_discussed_in
IEC 88/798/CD CEI 88/798/CD IEC/TS 61400-28;evaluations;discusses;is_discussed_in
IEC 88/798/CD CEI 88/798/CD IEC/TS 61400-28;further operating;discusses;is_discussed_in
IEC 88/798/CD CEI 88/798/CD IEC/TS 61400-28;generators;discusses;is_discussed_in
IEC 88/798/CD CEI 88/798/CD IEC/TS 61400-28;life (durability);discusses;is_discussed_in
IEC 88/798/CD CEI 88/798/CD IEC/TS 61400-28;maintenance;discusses;is_discussed_in
IEC 88/798/CD CEI 88/798/CD IEC/TS 61400-28;measurement;discusses;is_discussed_in
IEC 88/798/CD CEI 88/798/CD IEC/TS 61400-28;measuring techniques;discusses;is_discussed_in
IEC 88/798/CD CEI 88/798/CD IEC/TS 61400-28;monitoring;discusses;is_discussed_in
IEC 88/798/CD CEI 88/798/CD IEC/TS 61400-28;performance;discusses;is_discussed_in
IEC 88/798/CD CEI 88/798/CD IEC/TS 61400-28;power generating plant;discusses;is_discussed_in
IEC 88/798/CD CEI 88/798/CD IEC/TS 61400-28;power generation;discusses;is_discussed_in
IEC 88/798/CD CEI 88/798/CD IEC/TS 61400-28;risk;discusses;is_discussed_in
IEC 88/798/CD CEI 88/798/CD IEC/TS 61400-28;risk management;discusses;is_discussed_in
IEC 88/798/CD CEI 88/798/CD IEC/TS 61400-28;safety;discusses;is_discussed_in
IEC 88/798/CD CEI 88/798/CD IEC/TS 61400-28;specification (approval);discusses;is_discussed_in
IEC 88/798/CD CEI 88/798/CD IEC/TS 61400-28;status;discusses;is_discussed_in
IEC 88/798/CD CEI 88/798/CD IEC/TS 61400-28;testing;discusses;is_discussed_in
IEC 88/798/CD CEI 88/798/CD IEC/TS 61400-28;testing conditions;discusses;is_discussed_in
IEC 88/798/CD CEI 88/798/CD IEC/TS 61400-28;turbines;discusses;is_discussed_in
IEC 88/798/CD CEI 88/798/CD IEC/TS 61400-28;wind farms;discusses;is_discussed_in
IEC 88/798/CD CEI 88/798/CD IEC/TS 61400-28;wind power;discusses;is_discussed_in
IEC 88/798/CD CEI 88/798/CD IEC/TS 61400-28;wind power stations;discusses;is_discussed_in
IEC 88/798/CD CEI 88/798/CD IEC/TS 61400-28;wind turbine generator systems;discusses;is_discussed_in
IEC 88/798/CD CEI 88/798/CD IEC/TS 61400-28;wind turbines;discusses;is_discussed_in
IEC 88/798/CD CEI 88/798/CD IEC/TS 61400-28;wind-powered devices;discusses;is_discussed_in
DIN EN 16157-1;data;discusses;is_discussed_in
DIN EN 16157-1;data exchange;discusses;is_discussed_in
DIN EN 16157-1;data transmission;discusses;is_discussed_in
DIN EN 16157-1;data types;discusses;is_discussed_in
DIN EN 16157-1;datex services;discusses;is_discussed_in
DIN EN 16157-1;definitions;discusses;is_discussed_in
DIN EN 16157-1;encoding;discusses;is_discussed_in
DIN EN 16157-1;extensible markup language;discusses;is_discussed_in
DIN EN 16157-1;information interchange;discusses;is_discussed_in
DIN EN 16157-1;information technology;discusses;is_discussed_in
DIN EN 16157-1;intelligent transport systems;discusses;is_discussed_in
DIN EN 16157-1;metamodel;discusses;is_discussed_in
DIN EN 16157-1;open systems interconnection;discusses;is_discussed_in
DIN EN 16157-1;osi;discusses;is_discussed_in
DIN EN 16157-1;properties;discusses;is_discussed_in
DIN EN 16157-1;public transport;discusses;is_discussed_in
DIN EN 16157-1;road systems;discusses;is_discussed_in
DIN EN 16157-1;road transport;discusses;is_discussed_in
DIN EN 16157-1;road vehicles;discusses;is_discussed_in
DIN EN 16157-1;short-distance traffic;discusses;is_discussed_in
DIN EN 16157-1;telematics;discusses;is_discussed_in
DIN EN 16157-1;teleprocessing;discusses;is_discussed_in
DIN EN 16157-1;traffic;discusses;is_discussed_in
DIN EN 16157-1;traffic and traveller information;discusses;is_discussed_in
DIN EN 16157-1;traffic control;discusses;is_discussed_in
DIN EN 16157-1;uml;discusses;is_discussed_in
DIN EN 16157-1;unified modeling language;discusses;is_discussed_in
DIN EN 16157-1;xml;discusses;is_discussed_in
DIN EN 16157-1;information exchange;discusses;is_discussed_in
DIN EN 16157-1;codification;discusses;is_discussed_in
DIN EN 16157-1;tti;discusses;is_discussed_in
DIN EN 16603-31-04 ;aerospace transport;discusses;is_discussed_in
DIN EN 16603-31-04 ;checks;discusses;is_discussed_in
DIN EN 16603-31-04 ;commissioning;discusses;is_discussed_in
DIN EN 16603-31-04 ;computer software;discusses;is_discussed_in
DIN EN 16603-31-04 ;control equipment;discusses;is_discussed_in
DIN EN 16603-31-04 ;cryogenic;discusses;is_discussed_in
DIN EN 16603-31-04 ;cryogenics;discusses;is_discussed_in
DIN EN 16603-31-04 ;data exchange;discusses;is_discussed_in
DIN EN 16603-31-04 ;definitions;discusses;is_discussed_in
DIN EN 16603-31-04 ;exchange;discusses;is_discussed_in
DIN EN 16603-31-04 ;high temperature;discusses;is_discussed_in
DIN EN 16603-31-04 ;high temperatures;discusses;is_discussed_in
DIN EN 16603-31-04 ;interfaces;discusses;is_discussed_in
DIN EN 16603-31-04 ;maximum temperatures;discusses;is_discussed_in
DIN EN 16603-31-04 ;mechanical interfaces;discusses;is_discussed_in
DIN EN 16603-31-04 ;mechanics;discusses;is_discussed_in
DIN EN 16603-31-04 ;modelling;discusses;is_discussed_in
DIN EN 16603-31-04 ;models;discusses;is_discussed_in
DIN EN 16603-31-04 ;operation;discusses;is_discussed_in
DIN EN 16603-31-04 ;outer space;discusses;is_discussed_in
DIN EN 16603-31-04 ;performance;discusses;is_discussed_in
DIN EN 16603-31-04 ;performance tests;discusses;is_discussed_in
DIN EN 16603-31-04 ;protocols;discusses;is_discussed_in
DIN EN 16603-31-04 ;quality assurance;discusses;is_discussed_in
DIN EN 16603-31-04 ;reliability;discusses;is_discussed_in
DIN EN 16603-31-04 ;safety;discusses;is_discussed_in
DIN EN 16603-31-04 ;space safety;discusses;is_discussed_in
DIN EN 16603-31-04 ;space technology;discusses;is_discussed_in
DIN EN 16603-31-04 ;space transport;discusses;is_discussed_in
DIN EN 16603-31-04 ;space vehicles;discusses;is_discussed_in
DIN EN 16603-31-04 ;spacecraft;discusses;is_discussed_in
DIN EN 16603-31-04 ;spacecraft instruments;discusses;is_discussed_in
DIN EN 16603-31-04 ;specification (approval);discusses;is_discussed_in
DIN EN 16603-31-04 ;surveillance (approval);discusses;is_discussed_in
DIN EN 16603-31-04 ;temperature;discusses;is_discussed_in
DIN EN 16603-31-04 ;temperature control;discusses;is_discussed_in
DIN EN 16603-31-04 ;temperature range;discusses;is_discussed_in
DIN EN 16603-31-04 ;testing;discusses;is_discussed_in
DIN EN 16603-31-04 ;thermal;discusses;is_discussed_in
DIN EN 16603-31-04 ;thermal environment;discusses;is_discussed_in
DIN EN 16603-31-04 ;thermal stress;discusses;is_discussed_in
DIN EN 16603-31-04 ;information exchange;discusses;is_discussed_in
DIN EN 16603-31-04 ;software;discusses;is_discussed_in
DIN EN 16603-31-04 ;records;discusses;is_discussed_in
DIN EN 16603-31-04 ;patterns;discusses;is_discussed_in
DIN 18009-1;buildings;discusses;is_discussed_in
DIN 18009-1;construction;discusses;is_discussed_in
DIN 18009-1;definitions;discusses;is_discussed_in
DIN 18009-1;dimensioning;discusses;is_discussed_in
DIN 18009-1;engineers;discusses;is_discussed_in
DIN 18009-1;evaluations;discusses;is_discussed_in
DIN 18009-1;fire conditions;discusses;is_discussed_in
DIN 18009-1;fire hazards;discusses;is_discussed_in
DIN 18009-1;fire load;discusses;is_discussed_in
DIN 18009-1;fire protection;discusses;is_discussed_in
DIN 18009-1;fire protection measures;discusses;is_discussed_in
DIN 18009-1;fire resistance;discusses;is_discussed_in
DIN 18009-1;fire risks;discusses;is_discussed_in
DIN 18009-1;fire safety;discusses;is_discussed_in
DIN 18009-1;fire safety in buildings;discusses;is_discussed_in
DIN 18009-1;fire spread prevention;discusses;is_discussed_in
DIN 18009-1;firefighting;discusses;is_discussed_in
DIN 18009-1;generic specification;discusses;is_discussed_in
DIN 18009-1;hazard prevention in buildings;discusses;is_discussed_in
DIN 18009-1;performance;discusses;is_discussed_in
DIN 18009-1;planning;discusses;is_discussed_in
DIN 18009-1;protective measures;discusses;is_discussed_in
DIN 18009-1;purpose of protection;discusses;is_discussed_in
DIN 18009-1;rescue;discusses;is_discussed_in
DIN 18009-1;risk;discusses;is_discussed_in
DIN 18009-1;risk assessment;discusses;is_discussed_in
DIN 18009-1;safety verification;discusses;is_discussed_in
DIN 18009-1;structural works;discusses;is_discussed_in
DIN 18009-1;transport facilities (construction works);discusses;is_discussed_in
DIN EN 16991;applicability;discusses;is_discussed_in
DIN EN 16991;definitions;discusses;is_discussed_in
DIN EN 16991;framework;discusses;is_discussed_in
DIN EN 16991;industrial facilities;discusses;is_discussed_in
DIN EN 16991;industrial plants;discusses;is_discussed_in
DIN EN 16991;industries;discusses;is_discussed_in
DIN EN 16991;inspection;discusses;is_discussed_in
DIN EN 16991;maintenance;discusses;is_discussed_in
DIN EN 16991;plans;discusses;is_discussed_in
DIN EN 16991;plant;discusses;is_discussed_in
DIN EN 16991;risk;discusses;is_discussed_in
DIN EN 16991;risk analysis;discusses;is_discussed_in
DIN EN 16991;risk assessment;discusses;is_discussed_in
DIN EN 16991;risk management;discusses;is_discussed_in
DIN EN 16991;scope;discusses;is_discussed_in
DIN EN 16991;specification (approval);discusses;is_discussed_in
DIN EN 1991-1-7;accident prevention;discusses;is_discussed_in
DIN EN 1991-1-7;basis;discusses;is_discussed_in
DIN EN 1991-1-7;bridges;discusses;is_discussed_in
DIN EN 1991-1-7;buildings;discusses;is_discussed_in
DIN EN 1991-1-7;civil engineering;discusses;is_discussed_in
DIN EN 1991-1-7;classification;discusses;is_discussed_in
DIN EN 1991-1-7;collisions (accident);discusses;is_discussed_in
DIN EN 1991-1-7;components;discusses;is_discussed_in
DIN EN 1991-1-7;computation;discusses;is_discussed_in
DIN EN 1991-1-7;construction;discusses;is_discussed_in
DIN EN 1991-1-7;construction works;discusses;is_discussed_in
DIN EN 1991-1-7;definitions;discusses;is_discussed_in
DIN EN 1991-1-7;design;discusses;is_discussed_in
DIN EN 1991-1-7;dimensioning;discusses;is_discussed_in
DIN EN 1991-1-7;effects;discusses;is_discussed_in
DIN EN 1991-1-7;eurocode;discusses;is_discussed_in
DIN EN 1991-1-7;explosions;discusses;is_discussed_in
DIN EN 1991-1-7;impacts;discusses;is_discussed_in
DIN EN 1991-1-7;mathematical calculations;discusses;is_discussed_in
DIN EN 1991-1-7;mechanical hazards;discusses;is_discussed_in
DIN EN 1991-1-7;planning;discusses;is_discussed_in
DIN EN 1991-1-7;properties;discusses;is_discussed_in
DIN EN 1991-1-7;safety requirements;discusses;is_discussed_in
DIN EN 1991-1-7;shock resistance;discusses;is_discussed_in
DIN EN 1991-1-7;specification (approval);discusses;is_discussed_in
DIN EN 1991-1-7;stability;discusses;is_discussed_in
DIN EN 1991-1-7;structural engineering drawings;discusses;is_discussed_in
DIN EN 1991-1-7;structural works;discusses;is_discussed_in
DIN EN 1991-1-7;structures;discusses;is_discussed_in
DIN EN 1991-1-7;verification;discusses;is_discussed_in
DIN EN 1991-1-7;calculation;discusses;is_discussed_in
DIN EN 1991-1-7;trusses;discusses;is_discussed_in
DIN EN 17666;characteristics;discusses;is_discussed_in
DIN EN 17666;costs;discusses;is_discussed_in
DIN EN 17666;criterion;discusses;is_discussed_in
DIN EN 17666;definitions;discusses;is_discussed_in
DIN EN 17666;digitalization;discusses;is_discussed_in
DIN EN 17666;elements;discusses;is_discussed_in
DIN EN 17666;equipment;discusses;is_discussed_in
DIN EN 17666;evaluations;discusses;is_discussed_in
DIN EN 17666;functions;discusses;is_discussed_in
DIN EN 17666;instructions;discusses;is_discussed_in
DIN EN 17666;integrity;discusses;is_discussed_in
DIN EN 17666;life cycles;discusses;is_discussed_in
DIN EN 17666;maintenance;discusses;is_discussed_in
DIN EN 17666;methods;discusses;is_discussed_in
DIN EN 17666;performance;discusses;is_discussed_in
DIN EN 17666;plant;discusses;is_discussed_in
DIN EN 17666;reliability;discusses;is_discussed_in
DIN EN 17666;risk analysis;discusses;is_discussed_in
DIN EN 17666;risk assessment;discusses;is_discussed_in
DIN EN 17666;safety;discusses;is_discussed_in
DIN EN 17666;specification (approval);discusses;is_discussed_in
DIN EN 17666;technology;discusses;is_discussed_in
DIN EN ISO 14224;control equipment;discusses;is_discussed_in
DIN EN ISO 14224;data;discusses;is_discussed_in
DIN EN ISO 14224;data acquisition;discusses;is_discussed_in
DIN EN ISO 14224;data exchange;discusses;is_discussed_in
DIN EN ISO 14224;data formats;discusses;is_discussed_in
DIN EN ISO 14224;definitions;discusses;is_discussed_in
DIN EN ISO 14224;equipment;discusses;is_discussed_in
DIN EN ISO 14224;information exchange;discusses;is_discussed_in
DIN EN ISO 14224;maintenance;discusses;is_discussed_in
DIN EN ISO 14224;natural gas;discusses;is_discussed_in
DIN EN ISO 14224;natural gas industries;discusses;is_discussed_in
DIN EN ISO 14224;oil industries;discusses;is_discussed_in
DIN EN ISO 14224;petrochemistry;discusses;is_discussed_in
DIN EN ISO 14224;petroleum;discusses;is_discussed_in
DIN EN ISO 14224;reliability;discusses;is_discussed_in
DIN EN ISO 14224;reliability data;discusses;is_discussed_in
DIN EN ISO 14224;technical data sheets;discusses;is_discussed_in
SN EN 50126-X;availability;discusses;is_discussed_in
SN EN 50126-X;definitions;discusses;is_discussed_in
SN EN 50126-X;electrical engineering;discusses;is_discussed_in
SN EN 50126-X;functional capability;discusses;is_discussed_in
SN EN 50126-X;life cycles;discusses;is_discussed_in
SN EN 50126-X;maintainability;discusses;is_discussed_in
SN EN 50126-X;maintenance;discusses;is_discussed_in
SN EN 50126-X;management;discusses;is_discussed_in
SN EN 50126-X;net-control stations;discusses;is_discussed_in
SN EN 50126-X;organization;discusses;is_discussed_in
SN EN 50126-X;process;discusses;is_discussed_in
SN EN 50126-X;quality assurance;discusses;is_discussed_in
SN EN 50126-X;quality management;discusses;is_discussed_in
SN EN 50126-X;rail tracks;discusses;is_discussed_in
SN EN 50126-X;rail transport;discusses;is_discussed_in
SN EN 50126-X;railway applications;discusses;is_discussed_in
SN EN 50126-X;railway installations;discusses;is_discussed_in
SN EN 50126-X;railway operation;discusses;is_discussed_in
SN EN 50126-X;railways;discusses;is_discussed_in
SN EN 50126-X;reability related program;discusses;is_discussed_in
SN EN 50126-X;reliability;discusses;is_discussed_in
SN EN 50126-X;safety;discusses;is_discussed_in
SN EN 50126-X;specification;discusses;is_discussed_in
SN EN 50126-X;verification;discusses;is_discussed_in
SN EN 50126-X;sheets;discusses;is_discussed_in
BS ISO 29400:2020;environment (working);discusses;is_discussed_in
BS ISO 29400:2020;electric generators;discusses;is_discussed_in
BS ISO 29400:2020;electric machines;discusses;is_discussed_in
BS ISO 29400:2020;winds;discusses;is_discussed_in
BS ISO 29400:2020;wind power;discusses;is_discussed_in
BS ISO 29400:2020;offshore construction works;discusses;is_discussed_in
BS ISO 29400:2020;mathematical calculations;discusses;is_discussed_in
BS ISO 29400:2020;erecting (construction operation);discusses;is_discussed_in
BS ISO 29400:2020;maintenance;discusses;is_discussed_in
BS ISO 29400:2020;design;discusses;is_discussed_in
BS ISO 29400:2020;turbines;discusses;is_discussed_in
BS ISO 29400:2020;installation;discusses;is_discussed_in
BS ISO 29400:2020;structural design;discusses;is_discussed_in
BS ISO 29400:2020;wind turbines;discusses;is_discussed_in
BS ISO 29400:2020;wind-electric power stations;discusses;is_discussed_in
BS ISO 29400:2020;shaping;discusses;is_discussed_in
BS ISO 29400:2020;cultivation;discusses;is_discussed_in
BS ISO 29400:2020;presentations;discusses;is_discussed_in
BS ISO 29400:2020;bodies;discusses;is_discussed_in
BS ISO 29400:2020;nursing;discusses;is_discussed_in
VdS 3549;cabling;discusses;is_discussed_in
VdS 3549;damage prevention;discusses;is_discussed_in
VdS 3549;definitions;discusses;is_discussed_in
VdS 3549;design;discusses;is_discussed_in
VdS 3549;electrical engineering;discusses;is_discussed_in
VdS 3549;energy;discusses;is_discussed_in
VdS 3549;erecting (construction operation);discusses;is_discussed_in
VdS 3549;erection;discusses;is_discussed_in
VdS 3549;guidelines;discusses;is_discussed_in
VdS 3549;hazard removal;discusses;is_discussed_in
VdS 3549;maintenance;discusses;is_discussed_in
VdS 3549;maintenance work;discusses;is_discussed_in
VdS 3549;offshore;discusses;is_discussed_in
VdS 3549;offshore construction works;discusses;is_discussed_in
VdS 3549;operation;discusses;is_discussed_in
VdS 3549;operation manuals;discusses;is_discussed_in
VdS 3549;power generation;discusses;is_discussed_in
VdS 3549;property insurance;discusses;is_discussed_in
VdS 3549;renewable energy;discusses;is_discussed_in
VdS 3549;risk;discusses;is_discussed_in
VdS 3549;risk analysis;discusses;is_discussed_in
VdS 3549;risk management;discusses;is_discussed_in
VdS 3549;safety;discusses;is_discussed_in
VdS 3549;safety engineering;discusses;is_discussed_in
VdS 3549;safety measures;discusses;is_discussed_in
VdS 3549;safety requirements;discusses;is_discussed_in
VdS 3549;specification (approval);discusses;is_discussed_in
VdS 3549;user information;discusses;is_discussed_in
VdS 3549;wind power stations;discusses;is_discussed_in
VdS 3549;wind turbine generator systems;discusses;is_discussed_in
VdS 3549;wind turbines;discusses;is_discussed_in
